Wall time,Step,Value
1637527310.4033043,3001,1.1036558151245117
1637527329.8962388,4001,5.47805118560791
1637527349.471298,5001,7.097231864929199
1637527369.1621227,6001,10.000088691711426
1637527388.8606303,7001,11.68442440032959
1637527408.4899695,8001,15.423859596252441
1637527429.433952,9001,22.930850982666016
1637527451.637621,10001,25.337635040283203
1637527473.3592868,11001,26.315380096435547
1637527494.8958051,12001,30.331623077392578
1637527519.267464,13001,28.169309616088867
1637527545.6805363,14001,32.25199890136719
1637527572.3297508,15001,29.141357421875
1637527599.6783772,16001,29.836349487304688
1637527628.002214,17001,29.899423599243164
1637527657.325825,18001,26.764516830444336
1637527685.1587803,19001,28.16983985900879
1637527713.403668,20001,28.659055709838867
1637527740.6441004,21001,28.01622772216797
1637527768.519721,22001,27.91082763671875
1637527796.804363,23001,30.596343994140625
1637527826.6905346,24001,29.8564453125
1637527856.8588223,25001,29.786945343017578
1637527887.7414994,26001,30.715686798095703
1637527918.1663423,27001,31.088491439819336
1637527948.8370364,28001,31.05650520324707
1637527979.517578,29001,32.5870475769043
1637528008.3536205,30001,34.69661331176758
1637528039.0603406,31001,32.36570358276367
1637528069.2570894,32001,34.135223388671875
1637528099.5351725,33001,32.72804260253906
1637528129.880959,34001,31.631500244140625
1637528158.604927,35001,30.128005981445312
1637528187.682717,36001,28.647010803222656
1637528218.7749023,37001,29.428096771240234
1637528251.286156,38001,30.297948837280273
1637528288.0091903,39001,28.804546356201172
1637528324.5859709,40001,30.712017059326172
1637528361.4953227,41001,30.11630630493164
1637528397.3682783,42001,28.668163299560547
1637528433.310955,43001,29.892868041992188
1637528468.1105382,44001,29.537424087524414
1637528502.5508626,45001,28.22658920288086
1637528537.483853,46001,28.974056243896484
1637528573.4384437,47001,29.910856246948242
1637528607.49181,48001,30.0614013671875
1637528641.27919,49001,28.210983276367188
