Wall time,Step,Value
1637527303.3817937,3001,2.164898157119751
1637527322.2670395,4001,7.5336809158325195
1637527341.9556289,5001,9.477858543395996
1637527361.227511,6001,13.021490097045898
1637527380.3140485,7001,17.413433074951172
1637527399.4220934,8001,20.566211700439453
1637527420.122868,9001,25.74486541748047
1637527441.4934871,10001,28.842395782470703
1637527462.8414774,11001,34.20948028564453
1637527483.1533158,12001,36.08224105834961
1637527505.881251,13001,37.313743591308594
1637527528.5042098,14001,38.34932327270508
1637527554.5293772,15001,35.415184020996094
1637527579.8062694,16001,32.9125862121582
1637527603.5498927,17001,29.506107330322266
1637527628.18046,18001,27.52210235595703
1637527656.1108003,19001,25.68439483642578
1637527685.0478904,20001,25.890026092529297
1637527713.8761892,21001,25.215133666992188
1637527742.2284079,22001,23.98847770690918
1637527770.3164992,23001,23.541404724121094
1637527798.753705,24001,23.780179977416992
1637527827.0823143,25001,24.464073181152344
1637527857.0780787,26001,25.453609466552734
1637527885.628584,27001,24.421070098876953
1637527917.3230138,28001,24.906734466552734
1637527946.8256626,29001,24.340932846069336
1637527975.5243123,30001,25.665496826171875
1637528005.2858498,31001,24.616544723510742
1637528034.2414637,32001,25.543167114257812
1637528062.8816972,33001,26.174213409423828
1637528092.593767,34001,29.01435661315918
1637528123.3023968,35001,27.531444549560547
1637528151.8705702,36001,28.492727279663086
1637528180.419415,37001,27.414871215820312
1637528210.051426,38001,27.378746032714844
1637528241.5209017,39001,28.813438415527344
1637528277.1525908,40001,29.332324981689453
1637528313.812904,41001,30.803234100341797
1637528349.632346,42001,31.06231689453125
1637528386.1010911,43001,30.09443473815918
1637528422.2350092,44001,31.925615310668945
1637528455.885199,45001,31.871131896972656
1637528490.9926102,46001,30.324993133544922
1637528522.868547,47001,27.98419952392578
1637528556.3349414,48001,27.69460678100586
1637528589.4998224,49001,26.2408390045166
