Wall time,Step,Value
1637543909.1280556,1,0.0
1637543917.4936156,1001,28.111106872558594
1637543926.144352,2001,32.079734802246094
1637543973.4952824,3001,0.0
1637544032.0892255,4001,0.0
1637544098.5935593,5001,0.0
1637544160.801599,6001,0.0
1637544223.6356726,7001,0.0
1637544287.232514,8001,12.247448921203613
1637544350.4970179,9001,0.0
1637544413.6299028,10001,0.0
1637544478.6760447,11001,0.0
1637544543.040437,12001,0.0
1637544605.9344175,13001,0.0
1637544670.3836706,14001,0.0
1637544733.7475085,15001,0.0
1637544798.6325638,16001,22.95341682434082
1637544864.3158264,17001,20.50457191467285
1637544927.3763788,18001,0.0
1637544993.3333826,19001,24.42047119140625
1637545059.4160104,20001,3.849198341369629
1637545130.6700842,21001,21.068376541137695
1637545203.711273,22001,38.30156707763672
1637545276.8827007,23001,32.418514251708984
1637545349.4830506,24001,25.00579833984375
1637545425.0186493,25001,18.334091186523438
1637545499.789768,26001,20.155107498168945
1637545574.9347796,27001,22.47998046875
1637545652.5013816,28001,17.223798751831055
1637545731.2698357,29001,17.021196365356445
1637545809.2443848,30001,9.72008228302002
1637545888.0253863,31001,14.466196060180664
1637545969.4267046,32001,8.29628849029541
1637546048.2229598,33001,8.624898910522461
1637546126.6915207,34001,9.869563102722168
1637546207.281333,35001,9.850059509277344
1637546287.4922483,36001,10.565301895141602
1637546367.9380364,37001,8.969082832336426
1637546448.4821,38001,6.860490322113037
1637546529.0985484,39001,9.9752779006958
1637546609.804224,40001,5.665465354919434
1637546690.0882642,41001,12.210494041442871
1637546770.4260259,42001,11.728599548339844
1637546852.3397176,43001,10.70430850982666
1637546934.2575018,44001,8.842825889587402
1637547016.3352392,45001,8.355772018432617
1637547099.7299435,46001,7.505370140075684
1637547176.2444901,47001,10.46721076965332
1637547249.4592388,48001,9.420368194580078
1637547319.157219,49001,7.383498191833496
