Wall time,Step,Value
1634770703.5964549,0,25.235294342041016
1634770709.247774,10,10.149999618530273
1634770714.8990302,20,12.117647171020508
1634770720.527006,30,13.333333015441895
1634770726.3633208,40,11.333333015441895
1634770733.0006318,50,12.151515007019043
1634770739.6547785,60,13.096774101257324
1634770746.3151512,70,16.079999923706055
1634770753.020016,80,35.58333206176758
1634770759.8323286,90,89.80000305175781
