Wall time,Step,Value
1634770703.5966742,0,11.694792747497559
1634770709.2478414,10,1.314344048500061
1634770714.8991003,20,1.4504503011703491
1634770720.5272007,30,1.639783263206482
1634770726.3633945,40,1.2247449159622192
1634770733.0007048,50,1.7942874431610107
1634770739.6548488,60,1.7844280004501343
1634770746.3152304,70,2.1339166164398193
1634770753.0200872,80,11.650882720947266
1634770759.8324041,90,56.76759719848633
