Wall time,Step,Value
1634770728.6822426,0,29.14285659790039
1634770737.2236762,10,90.80000305175781
1634770745.871656,20,68.5
1634770754.4583724,30,87.80000305175781
1634770762.932782,40,83.80000305175781
1634770771.7456136,50,88.19999694824219
1634770780.2978103,60,118.5
1634770788.992617,70,99.5999984741211
1634770798.3783631,80,80.16666412353516
1634770808.0544775,90,134.75
