Wall time,Step,Value
1634770792.4924078,0,40.5
1634770801.7667272,10,158.0
1634770811.1001828,20,124.25
1634770820.1392434,30,102.25
1634770828.6679058,40,132.75
1634770836.9318101,50,200.0
1634770844.8884158,60,200.0
1634770853.0701053,70,195.0
1634770860.3076746,80,171.6666717529297
1634770867.6567602,90,154.3333282470703
