Wall time,Step,Value
1634770728.6824439,0,21.346988677978516
1634770737.2238925,10,24.975187301635742
1634770745.8718755,20,17.895530700683594
1634770754.4585898,30,27.169099807739258
1634770762.9329891,40,25.631229400634766
1634770771.7456934,50,25.4039363861084
1634770780.2978835,60,48.158592224121094
1634770788.9928164,70,44.1569938659668
1634770798.3785644,80,27.223867416381836
1634770808.054549,90,28.14582633972168
