Wall time,Step,Value
1634770766.0474966,0,22.63157844543457
1634770774.3165557,10,50.55555725097656
1634770782.6884308,20,200.0
1634770791.2092247,30,148.0
1634770800.7215016,40,200.0
1634770809.6464362,50,200.0
1634770818.3093007,60,200.0
1634770826.1464791,70,200.0
1634770834.3593645,80,41.900001525878906
1634770842.5712903,90,200.0
