Wall time,Step,Value
1634770792.4924862,0,44.75768280029297
1634770801.7669196,10,22.553640365600586
1634770811.1003766,20,2.9474565982818604
1634770820.1393173,30,3.699662208557129
1634770828.6679761,40,7.084313869476318
1634770836.9318833,50,0.0
1634770844.8884974,60,0.0
1634770853.070197,70,7.071067810058594
1634770860.3077474,80,6.847546100616455
1634770867.6569517,90,35.826744079589844
