Wall time,Step,Value
1634770766.047579,0,13.955608367919922
1634770774.316746,10,15.391997337341309
1634770782.6886272,20,0.0
1634770791.2093127,30,6.480740547180176
1634770800.721575,40,0.0
1634770809.646653,50,0.0
1634770818.3093703,60,0.0
1634770826.1467044,70,0.0
1634770834.3594372,80,24.6351375579834
1634770842.5713618,90,0.0
