Wall time,Step,Value
1634718269.139442,0,10.282051086425781
1634718302.509188,10,69.16666412353516
1634718335.829852,20,65.71428680419922
1634718369.9065568,30,498.0
1634718404.5572095,40,204.5
1634718438.5802572,50,65.14286041259766
1634718473.6128426,60,1000.0
1634718507.1862938,70,1000.0
1634718540.8099654,80,1000.0
1634718574.275319,90,1000.0
