Wall time,Step,Value
1634718269.139539,0,4.83018684387207
1634718302.5094428,10,24.361286163330078
1634718335.8300781,20,8.119011878967285
1634718369.9066272,30,204.0
1634718404.557302,40,157.5
1634718438.5804672,50,6.010195255279541
1634718473.6129322,60,0.0
1634718507.1866102,70,0.0
1634718540.810203,80,0.0
1634718574.2753913,90,0.0
