Wall time,Step,Value
1636081770.249291,0,0.0
1636082509.2196147,1,0.0
1636083188.4478772,2,0.0
1636083694.7807293,3,0.0
1636084200.9041097,4,0.0
