Wall time,Step,Value
1636081770.2485688,0,209.47711181640625
1636082509.2192965,1,317.16156005859375
1636083188.4475641,2,316.7028503417969
1636083694.7801497,3,323.3232116699219
1636084200.9037495,4,432.02227783203125
