Wall time,Step,Value
1636081697.9776733,0,177.635009765625
1636081986.454714,1,264.2970886230469
1636082236.7998316,2,256.607177734375
1636082487.1890993,3,271.7791748046875
1636082737.1489904,4,288.3426513671875
