Wall time,Step,Value
1636089017.738829,0,0.0
1636090050.9916315,1,0.0
1636091378.5863957,2,0.0
1636092768.3260024,3,0.0
1636094134.595478,4,0.0
