Wall time,Step,Value
1636089017.738135,0,173.15948486328125
1636090050.9913096,1,403.12811279296875
1636091378.5860775,2,576.1617431640625
1636092768.3256254,3,652.7940673828125
1636094134.5951536,4,884.223876953125
