Wall time,Step,Value
1636081697.9783845,0,0.0
1636081986.4552987,1,0.0
1636082236.7999725,2,0.0
1636082487.1894262,3,0.0
1636082737.1492746,4,0.0
